Origin,GH25,GH13_8,GH74,GH19,PL7_5,GT30,GT51,CBM38,CBM6+GH81,CBM5+GH19,CBM51+GH27,CBM77+CE8+PL1,CBM16+GH29,PL9+CBM22,CBM10+CBM2+GH5_4,CBM47+CBM47,CBM48+CE1,GH30_5,GT22,GH78+3.2.1.40
Marine,0.09660574412532637,0.0013054830287206266,0.2506527415143603,0.037859007832898174,0.1514360313315927,0.8629242819843342,0.9543080939947781,0.033942558746736295,0.06266318537859007,0.02349869451697128,0.0039164490861618795,0.0,0.0,0.016971279373368148,0.0,0.013054830287206266,0.0,0.009138381201044387,0.007832898172323759,0.005221932114882507
Non_marine,0.6082474226804123,0.088659793814433,0.07216494845360824,0.15876288659793814,0.032989690721649485,0.9690721649484536,1.0,0.0,0.01443298969072165,0.0,0.030927835051546393,0.016494845360824743,0.01443298969072165,0.0,0.012371134020618556,0.0,0.010309278350515464,0.0,0.0,0.0
