Origin,GH25,GH13_8,GH74,GH19,PL7_5,GT30,GT51,CBM38,CBM5+GH19,CBM6+GH81,CBM51+GH27,CBM77+CE8+PL1,CBM16+GH29,PL9+CBM22,CBM10+CBM2+GH5_4,CBM47+CBM47,CBM48+CE1,GH30_5,GT22,GH78+3.2.1.40
Marine,0.09635416666666667,0.0013020833333333333,0.25,0.037760416666666664,0.15104166666666666,0.86328125,0.9544270833333334,0.033854166666666664,0.0234375,0.0625,0.00390625,0.0,0.0,0.016927083333333332,0.0,0.013020833333333334,0.0,0.009114583333333334,0.0078125,0.005208333333333333
Non_marine,0.610655737704918,0.08811475409836066,0.07172131147540983,0.15778688524590165,0.03278688524590164,0.9692622950819673,1.0,0.0,0.0,0.01639344262295082,0.030737704918032786,0.01639344262295082,0.014344262295081968,0.0,0.012295081967213115,0.0,0.010245901639344262,0.0,0.0,0.0
